Sale_ID,Sale_Date,Brand,Model_Type,Color,City,Salesperson,Customer_Age,Payment_Mode,Car_Price,Discount,Final_Price,Quantity,Mileage_kmpl,Warranty_Years
S0001,16-10-2024,Honda,Coupe,White,Delhi,Suresh,25.0,Cash,"₹966,956",20000.0,,1,14.0,2
S0002,12-08-2023,Kia,SUV,Blue,Delhi,Kiran,40.0,Cash,"₹1,475,850",0.0,,1,16.0,3
S0003,08-03-2024,Honda,Hatchback,Silver,Delhi,Kiran,40.0,Cash,"₹1,927,114",10000.0,,1,12.0,5
S0004,03-07-2024,Audi,Coupe,Black,Pune,Rahul,25.0,Lease,1023558,15000.0,,1,20.0,3
S0005,24-10-2023,Audi,SUV,Silver,Bangalore,Anita,50.0,Loan,834671,0.0,,2,16.0,2
S0006,15-09-2024,Hyundai,Hatchback,White,Chennai,Meena,25.0,Loan,"₹1,217,807",10000.0,,1,18.0,5
S0007,02-10-2023,Kia,Truck,Black,Bangalore,Anita,30.0,Lease,"₹777,615",15000.0,,1,14.0,4
S0008,2024/08/21,Ford,Coupe,Blue,Hyderabad,Meena,25.0,Cash,2296981,15000.0,,1,14.0,3
S0009,04-10-2024,Nissan,Coupe,Silver,Delhi,Meena,25.0,Lease,1171013,15000.0,,1,18.0,2
S0010,29-11-2024,Nissan,Sedan,Grey,Pune,Kiran,45.0,Cash,2752216,20000.0,,1,16.0,2
S0012,25-04-2023,Honda,Sedan,Grey,Mumbai,Meena,25.0,Lease,2022451,20000.0,,1,12.0,3
S0013,2023/05/12,Kia,SUV,Red,Pune,Vikram,30.0,Lease,2493478,10000.0,,1,20.0,4
S0014,13-02-2024,Honda,Hatchback,White,Delhi,Priya,30.0,Lease,"₹2,066,239",15000.0,,2,12.0,3
S0015,2023/01/08,Audi,Sedan,Red,Chennai,Kiran,50.0,Loan,797766,0.0,,1,12.0,3
S0016,06-07-2024,Kia,SUV,White,Hyderabad,Vikram,40.0,Loan,1054956,15000.0,,2,14.0,5
S0017,25-02-2024,Audi,Sedan,Black,Chennai,Anita,45.0,Loan,2458843,0.0,,1,12.0,3
S0018,2024/03/08,Honda,Sedan,Grey,Delhi,Meena,25.0,Cash,"₹1,269,604",10000.0,,1,18.0,3
S0019,20-06-2023,Toyota,Truck,Silver,Mumbai,Kiran,40.0,Lease,"₹2,204,624",10000.0,,2,12.0,5
S0020,08-06-2023,Toyota,Coupe,Blue,Delhi,Meena,45.0,Cash,"₹1,296,489",0.0,,1,16.0,2
S0021,2024/06/04,Kia,Sedan,Red,Chennai,Priya,45.0,Cash,836011,0.0,,1,16.0,2
S0022,05-03-2024,Audi,SUV,Silver,Mumbai,Anita,50.0,Lease,"₹2,948,099",20000.0,,1,14.0,4
S0023,13-04-2024,Honda,Sedan,Red,Chennai,Priya,35.0,Cash,1826143,0.0,,1,18.0,4
S0024,12-03-2023,Toyota,Coupe,Silver,Pune,Rahul,30.0,Loan,"₹1,524,603",10000.0,,2,20.0,2
S0025,20-04-2023,BMW,Coupe,Blue,Bangalore,Meena,25.0,Cash,"₹2,820,388",20000.0,,1,16.0,5
S0026,11-10-2023,Kia,Coupe,White,Hyderabad,Rahul,50.0,Cash,"₹684,913",10000.0,,1,14.0,2
S0027,14-01-2024,Toyota,Hatchback,Black,Pune,Anita,50.0,Cash,"₹2,943,222",15000.0,,1,12.0,4
S0028,2024/07/27,Ford,Truck,White,Chennai,Vikram,35.0,Loan,2204470,10000.0,,1,14.0,3
S0029,2023/10/01,Hyundai,SUV,Blue,Bangalore,Kiran,40.0,Cash,1167724,0.0,,2,12.0,3
S0030,25-01-2023,Kia,Coupe,Silver,Hyderabad,Rahul,35.0,Cash,"₹1,310,045",20000.0,,1,16.0,4
S0031,09-02-2023,Honda,Truck,Red,Chennai,Kiran,25.0,Lease,"₹954,673",20000.0,,1,18.0,5
S0032,02-01-2023,Audi,Coupe,Silver,Pune,Meena,25.0,Lease,2680703,15000.0,,1,16.0,4
S0033,03-06-2024,Ford,SUV,Blue,Pune,Suresh,50.0,Lease,"₹1,797,233",20000.0,,2,16.0,3
S0034,22-09-2024,Kia,Coupe,Red,Pune,Kiran,40.0,Loan,"₹2,887,000",15000.0,,1,16.0,5
S0035,22-11-2024,Audi,Sedan,Black,Pune,Kiran,30.0,Cash,"₹1,396,328",10000.0,,1,16.0,3
S0036,26-01-2023,Hyundai,Truck,Blue,Mumbai,Anita,30.0,Lease,"₹693,834",15000.0,,1,18.0,2
S0037,20-04-2023,Honda,Truck,Black,Mumbai,Vikram,45.0,Lease,"₹2,283,192",15000.0,,2,12.0,4
S0038,29-03-2024,Nissan,Truck,Silver,Chennai,Meena,50.0,Loan,"₹2,617,193",15000.0,,2,14.0,5
S0039,03-10-2024,Audi,Coupe,White,Chennai,Anita,30.0,Loan,"₹1,503,469",0.0,,1,14.0,3
S0040,08-08-2023,Kia,Truck,Red,Pune,Rahul,40.0,Lease,"₹769,395",20000.0,,2,18.0,5
S0041,03-05-2024,Hyundai,Truck,Black,Bangalore,Suresh,40.0,Cash,524729,20000.0,,2,18.0,5
S0042,11-12-2023,Kia,Coupe,Red,Pune,Rahul,25.0,Lease,2195827,15000.0,,1,20.0,5
S0043,19-05-2023,Audi,Hatchback,Blue,Bangalore,Meena,40.0,Loan,"₹2,436,503",20000.0,,2,16.0,4
S0044,25-03-2023,Honda,Sedan,White,Chennai,Anita,40.0,Cash,"₹2,472,609",15000.0,,1,16.0,3
S0045,02-09-2023,Audi,SUV,Red,Delhi,Vikram,50.0,Cash,"₹1,029,409",0.0,,1,18.0,3
S0046,2023/11/15,Hyundai,Sedan,Red,Pune,Meena,50.0,Cash,"₹953,399",20000.0,,2,18.0,2
S0047,05-11-2023,Audi,Sedan,Red,Pune,Kiran,25.0,Loan,1007741,15000.0,,1,16.0,5
S0048,19-04-2023,BMW,Coupe,Red,Mumbai,Suresh,40.0,Lease,2318328,15000.0,,1,18.0,4
S0049,27-11-2023,Nissan,Coupe,Red,Pune,Suresh,35.0,Cash,1529681,0.0,,1,18.0,5
S0050,29-11-2023,BMW,Coupe,White,Delhi,Anita,25.0,Cash,"₹1,262,691",20000.0,,1,16.0,5
S0051,15-05-2024,Honda,Hatchback,Black,Mumbai,Vikram,30.0,Loan,2828577,15000.0,,2,18.0,4
S0052,29-04-2024,BMW,Hatchback,Silver,Chennai,Rahul,50.0,Cash,"₹2,821,433",15000.0,,1,16.0,4
S0053,03-05-2023,BMW,Coupe,Red,Delhi,Kiran,25.0,Cash,2747576,10000.0,,1,14.0,4
S0054,21-08-2023,Toyota,Coupe,Silver,Pune,Anita,50.0,Loan,"₹2,013,644",0.0,,1,16.0,2
S0055,13-01-2023,Toyota,Hatchback,Blue,Hyderabad,Meena,25.0,Loan,"₹2,907,799",15000.0,,2,16.0,5
S0056,2023/03/17,BMW,Sedan,Black,Hyderabad,Priya,40.0,Loan,"₹2,920,202",0.0,,1,14.0,3
S0057,2024/06/19,BMW,Coupe,Red,Hyderabad,Priya,50.0,Cash,"₹2,095,421",15000.0,,1,20.0,3
S0058,02-10-2024,Honda,SUV,White,Mumbai,Suresh,50.0,Lease,"₹1,385,103",0.0,,1,14.0,5
S0059,26-10-2023,BMW,Coupe,Grey,Chennai,Suresh,25.0,Lease,"₹636,901",20000.0,,2,12.0,3
S0060,25-10-2024,BMW,Coupe,Grey,Delhi,Kiran,40.0,Cash,1124906,10000.0,,1,12.0,5
S0061,08-11-2023,Toyota,Truck,Grey,Bangalore,Priya,35.0,Cash,2188243,15000.0,,2,18.0,2
S0062,23-08-2023,Ford,Truck,Red,Pune,Suresh,35.0,Cash,"₹2,912,559",0.0,,1,20.0,5
S0063,12-10-2024,Honda,SUV,Silver,Mumbai,Vikram,40.0,Loan,2562447,15000.0,,1,18.0,5
S0064,17-07-2024,Kia,Coupe,White,Pune,Meena,45.0,Loan,"₹653,918",20000.0,,1,16.0,5
S0065,25-02-2023,Toyota,SUV,Silver,Delhi,Anita,35.0,Loan,"₹1,286,778",15000.0,,2,16.0,5
S0066,05-05-2023,Toyota,Coupe,Blue,Hyderabad,Anita,40.0,Cash,621087,15000.0,,1,16.0,5
S0067,2023/05/01,Nissan,SUV,Blue,Delhi,Anita,40.0,Cash,"₹1,145,801",20000.0,,1,18.0,3
S0068,13-03-2023,Toyota,Hatchback,Grey,Bangalore,Meena,45.0,Lease,1658665,15000.0,,1,20.0,5
S0069,02-06-2023,Kia,Truck,Silver,Chennai,Vikram,30.0,Lease,"₹2,372,955",20000.0,,1,20.0,5
S0070,2023/08/28,Ford,Truck,White,Chennai,Priya,45.0,Loan,"₹2,222,915",15000.0,,2,18.0,2
S0071,26-03-2024,Ford,Sedan,Blue,Bangalore,Kiran,45.0,Lease,"₹918,221",15000.0,,1,16.0,5
S0072,27-10-2024,Nissan,Coupe,White,Delhi,Rahul,30.0,Lease,836866,15000.0,,2,16.0,4
S0073,21-08-2023,BMW,Sedan,White,Bangalore,Meena,25.0,Loan,"₹879,078",0.0,,1,18.0,4
S0074,19-01-2024,Ford,SUV,Black,Hyderabad,Priya,40.0,Loan,"₹2,306,431",15000.0,,2,20.0,3
S0075,24-05-2024,Toyota,Truck,Silver,Pune,Priya,30.0,Cash,"₹2,945,938",15000.0,,1,18.0,5
S0076,2023/12/20,Hyundai,Truck,Blue,Hyderabad,Anita,40.0,Lease,"₹2,964,454",15000.0,,1,18.0,4
S0077,11-08-2024,Toyota,Coupe,Grey,Pune,Rahul,45.0,Lease,1740978,20000.0,,1,16.0,5
S0078,21-10-2023,BMW,SUV,Grey,Hyderabad,Vikram,50.0,Cash,"₹1,465,186",20000.0,,1,16.0,4
S0079,27-03-2024,Kia,SUV,Black,Chennai,Meena,45.0,Loan,"₹639,940",10000.0,,1,16.0,4
S0080,2023/06/18,Honda,Truck,White,Chennai,Meena,30.0,Lease,1577810,15000.0,,1,16.0,5
S0081,24-07-2024,Nissan,Hatchback,Grey,Pune,Vikram,35.0,Lease,"₹2,034,171",15000.0,,1,16.0,5
S0082,15-10-2024,Audi,Coupe,Black,Pune,Rahul,50.0,Loan,"₹2,058,073",10000.0,,2,12.0,4
S0083,2024/10/26,Honda,Sedan,Black,Delhi,Anita,40.0,Loan,"₹2,212,516",0.0,,1,16.0,4
S0084,17-11-2024,Nissan,Coupe,Blue,Bangalore,Rahul,50.0,Loan,"₹2,765,731",10000.0,,2,16.0,3
S0085,30-03-2024,Audi,Sedan,Blue,Bangalore,Anita,25.0,Loan,2365189,20000.0,,1,16.0,2
S0086,09-11-2024,Hyundai,SUV,Red,Chennai,Rahul,40.0,Lease,"₹1,389,636",15000.0,,1,12.0,3
S0087,23-08-2024,Toyota,Hatchback,Black,Chennai,Priya,35.0,Cash,1405765,10000.0,,1,14.0,2
S0088,07-11-2024,Ford,Hatchback,White,Chennai,Vikram,40.0,Lease,"₹608,129",20000.0,,1,20.0,2
S0089,07-03-2023,Toyota,Coupe,Silver,Mumbai,Vikram,25.0,Cash,"₹2,497,520",20000.0,,1,18.0,5
S0090,2024/02/16,Audi,Coupe,Black,Hyderabad,Anita,35.0,Lease,"₹2,287,921",15000.0,,2,12.0,4
S0091,26-01-2024,Honda,Coupe,Grey,Chennai,Suresh,40.0,Cash,"₹2,725,316",15000.0,,2,12.0,5
S0092,14-12-2023,BMW,Hatchback,Black,Pune,Suresh,25.0,Cash,"₹2,402,112",0.0,,1,18.0,2
S0093,06-04-2023,Audi,Sedan,Blue,Bangalore,Meena,50.0,Loan,"₹2,311,421",20000.0,,1,20.0,2
S0094,22-10-2023,Hyundai,Sedan,Silver,Delhi,Kiran,25.0,Loan,"₹1,810,505",15000.0,,1,14.0,3
S0095,2024/03/15,BMW,Sedan,Black,Bangalore,Vikram,40.0,Loan,2852860,15000.0,,1,20.0,4
S0096,26-12-2023,Toyota,Sedan,Grey,Delhi,Anita,40.0,Loan,"₹525,609",10000.0,,2,12.0,5
S0097,16-12-2023,Toyota,Sedan,Silver,Mumbai,Vikram,40.0,Loan,"₹1,160,222",20000.0,,1,12.0,5
S0098,29-02-2024,BMW,Coupe,Blue,Delhi,Vikram,35.0,Cash,"₹1,645,744",15000.0,,1,16.0,3
S0099,09-02-2024,BMW,Hatchback,White,Hyderabad,Suresh,50.0,Loan,"₹729,772",20000.0,,1,14.0,3
S0100,13-05-2023,Toyota,Truck,White,Mumbai,Rahul,40.0,Loan,"₹2,094,705",10000.0,,1,12.0,5
S0101,10-08-2024,Audi,SUV,Red,Mumbai,Meena,50.0,Loan,2196272,15000.0,,1,12.0,2
S0102,23-03-2024,BMW,Hatchback,Black,Bangalore,Meena,30.0,Cash,"₹944,022",15000.0,,2,20.0,2
S0103,2024/06/27,Ford,SUV,White,Chennai,Kiran,30.0,Cash,"₹2,638,893",20000.0,,1,16.0,3
S0104,02-11-2024,Nissan,Coupe,Grey,Pune,Priya,35.0,Lease,"₹816,054",15000.0,,2,20.0,4
S0105,04-06-2023,Audi,Coupe,White,Bangalore,Suresh,40.0,Cash,"₹2,344,498",15000.0,,1,16.0,2
S0106,13-01-2024,Toyota,Truck,Red,Pune,Anita,35.0,Lease,"₹1,704,088",0.0,,2,18.0,5
S0107,2024/05/28,Honda,Coupe,Grey,Chennai,Rahul,30.0,Lease,1132757,15000.0,,1,16.0,5
S0108,2024/03/25,Kia,Truck,Silver,Pune,Priya,25.0,Lease,"₹2,698,102",10000.0,,1,16.0,4
S0109,09-03-2023,Ford,Hatchback,White,Delhi,Vikram,30.0,Loan,"₹1,882,823",15000.0,,1,16.0,4
S0110,02-11-2024,Audi,SUV,Grey,Pune,Meena,50.0,Lease,"₹2,143,990",0.0,,1,20.0,2
S0111,23-10-2024,Hyundai,Hatchback,Blue,Chennai,Anita,30.0,Cash,"₹2,275,895",0.0,,1,16.0,2
S0112,30-10-2023,Ford,Coupe,Blue,Chennai,Anita,30.0,Lease,"₹924,215",15000.0,,1,16.0,3
S0113,24-03-2024,Nissan,SUV,Red,Chennai,Kiran,40.0,Loan,"₹683,259",10000.0,,2,20.0,3
S0114,12-01-2024,Kia,SUV,Black,Delhi,Anita,40.0,Loan,2892512,15000.0,,1,18.0,2
S0115,2024/10/18,Honda,Hatchback,White,Chennai,Kiran,40.0,Lease,2515743,15000.0,,1,16.0,3
S0116,2024/03/23,Kia,Sedan,Blue,Delhi,Kiran,30.0,Loan,884674,10000.0,,2,16.0,2
S0117,19-01-2024,BMW,Truck,Grey,Chennai,Meena,50.0,Loan,"₹1,441,783",0.0,,1,14.0,5
S0118,2024/09/22,Kia,Sedan,Silver,Chennai,Kiran,25.0,Cash,522025,0.0,,1,14.0,3
S0119,05-03-2024,Hyundai,SUV,Silver,Mumbai,Rahul,45.0,Loan,"₹2,417,273",15000.0,,1,16.0,3
S0120,2024/08/07,Toyota,Truck,Blue,Hyderabad,Vikram,40.0,Loan,"₹2,247,211",0.0,,1,12.0,4
S0122,20-10-2024,Ford,Sedan,Grey,Mumbai,Rahul,35.0,Cash,1234377,15000.0,,2,16.0,2
S0123,24-07-2023,Toyota,SUV,Silver,Bangalore,Meena,40.0,Cash,"₹675,766",20000.0,,2,20.0,4
S0124,07-10-2023,Kia,Hatchback,Black,Mumbai,Vikram,40.0,Loan,1022086,15000.0,,2,16.0,4
S0125,26-03-2023,Honda,Sedan,Silver,Pune,Kiran,35.0,Loan,"₹2,280,480",15000.0,,1,20.0,5
S0126,2023/06/20,BMW,Sedan,White,Pune,Vikram,40.0,Loan,"₹2,361,886",0.0,,1,20.0,3
S0127,01-02-2023,Audi,Hatchback,Blue,Delhi,Rahul,45.0,Cash,1098860,15000.0,,1,14.0,5
S0128,15-01-2024,Audi,Hatchback,Black,Hyderabad,Rahul,50.0,Cash,"₹2,060,337",0.0,,1,20.0,5
S0129,14-06-2024,Hyundai,Coupe,Silver,Pune,Suresh,30.0,Cash,2123142,0.0,,1,16.0,3
S0130,2023/03/17,Audi,Hatchback,Grey,Hyderabad,Priya,45.0,Loan,"₹2,396,004",15000.0,,1,16.0,4
S0131,2023/06/11,Ford,SUV,Blue,Hyderabad,Kiran,45.0,Lease,1230190,15000.0,,1,12.0,4
S0132,23-04-2024,Nissan,Coupe,Blue,Mumbai,Meena,45.0,Cash,"₹2,813,774",0.0,,1,16.0,3
S0133,2023/11/21,Ford,SUV,Blue,Delhi,Meena,25.0,Cash,"₹811,070",15000.0,,1,14.0,3
S0134,2023/11/08,Honda,Hatchback,Black,Pune,Priya,35.0,Cash,"₹1,190,621",10000.0,,1,20.0,4
S0135,21-09-2024,Audi,Coupe,White,Hyderabad,Rahul,25.0,Lease,"₹2,737,569",10000.0,,1,14.0,4
S0136,2024/10/28,BMW,Hatchback,Blue,Chennai,Meena,40.0,Lease,1384194,15000.0,,1,18.0,5
S0137,01-11-2023,Nissan,SUV,Silver,Delhi,Anita,35.0,Lease,"₹2,402,301",0.0,,1,18.0,4
S0138,20-12-2023,Honda,Hatchback,Blue,Chennai,Anita,25.0,Cash,"₹2,172,338",20000.0,,1,16.0,4
S0139,29-01-2024,Hyundai,SUV,Blue,Delhi,Suresh,40.0,Loan,"₹2,253,784",10000.0,,1,20.0,5
S0140,24-01-2023,Audi,Sedan,White,Bangalore,Suresh,45.0,Lease,877693,15000.0,,2,14.0,5
S0141,2023/10/20,Audi,Truck,Silver,Hyderabad,Suresh,25.0,Lease,"₹2,751,044",0.0,,2,14.0,3
S0142,07-01-2024,Honda,SUV,White,Mumbai,Kiran,40.0,Loan,"₹2,820,385",15000.0,,2,20.0,4
S0143,28-05-2023,Audi,Truck,Red,Mumbai,Anita,45.0,Lease,"₹1,334,909",15000.0,,1,12.0,3
S0144,02-12-2023,Nissan,Coupe,Silver,Mumbai,Meena,25.0,Loan,"₹1,836,011",15000.0,,1,20.0,4
S0145,2024/11/20,Toyota,Coupe,Blue,Bangalore,Vikram,40.0,Lease,959714,15000.0,,1,16.0,3
S0146,2023/02/22,Hyundai,Sedan,Red,Pune,Rahul,30.0,Cash,"₹2,947,474",15000.0,,2,14.0,5
S0147,18-11-2023,Nissan,Sedan,Grey,Chennai,Priya,30.0,Lease,"₹2,256,491",10000.0,,2,20.0,4
S0148,2024/11/09,Audi,Coupe,Silver,Pune,Meena,40.0,Lease,"₹2,506,433",20000.0,,1,18.0,4
S0149,16-09-2024,BMW,Hatchback,Grey,Chennai,Vikram,50.0,Loan,"₹2,530,798",10000.0,,1,20.0,4
S0150,06-05-2024,Kia,Truck,Silver,Chennai,Kiran,25.0,Loan,"₹1,962,986",20000.0,,1,12.0,2
S0151,2023/12/21,BMW,Coupe,Grey,Bangalore,Anita,25.0,Lease,"₹2,355,459",15000.0,,1,14.0,3
S0152,06-09-2023,Honda,Truck,Silver,Pune,Suresh,25.0,Lease,"₹712,925",15000.0,,1,16.0,3
S0153,2023/01/06,Nissan,Truck,Grey,Chennai,Meena,35.0,Loan,2808345,10000.0,,2,16.0,4
S0154,23-10-2024,Toyota,SUV,Blue,Chennai,Rahul,40.0,Loan,748145,0.0,,1,20.0,5
S0155,10-07-2023,Audi,Hatchback,Blue,Pune,Priya,45.0,Loan,1714112,0.0,,1,20.0,3
S0156,31-05-2024,BMW,SUV,White,Pune,Kiran,40.0,Loan,"₹2,463,021",0.0,,1,14.0,3
S0157,29-06-2023,Honda,SUV,Black,Mumbai,Kiran,30.0,Cash,2200749,15000.0,,1,12.0,4
S0158,28-01-2024,Toyota,Hatchback,Grey,Bangalore,Vikram,30.0,Cash,"₹1,487,847",20000.0,,1,16.0,2
S0159,21-04-2024,BMW,Hatchback,Red,Chennai,Anita,30.0,Loan,"₹1,786,839",15000.0,,1,16.0,3
S0160,2024/04/10,Hyundai,SUV,Grey,Delhi,Meena,40.0,Cash,"₹2,067,096",15000.0,,2,20.0,5
S0161,2024/06/24,Hyundai,Coupe,Red,Chennai,Anita,35.0,Lease,"₹2,017,435",15000.0,,1,12.0,5
S0162,30-04-2023,Toyota,Truck,Black,Delhi,Suresh,40.0,Lease,1361516,15000.0,,1,20.0,2
S0163,26-07-2024,Toyota,SUV,Red,Hyderabad,Rahul,40.0,Loan,"₹2,439,355",20000.0,,1,18.0,2
S0164,08-07-2024,Ford,SUV,Grey,Pune,Vikram,40.0,Loan,752730,0.0,,2,12.0,5
S0165,2024/04/04,Honda,SUV,Red,Mumbai,Priya,30.0,Lease,"₹2,083,334",15000.0,,1,16.0,3
S0166,04-01-2023,Hyundai,SUV,Blue,Bangalore,Anita,35.0,Cash,595358,15000.0,,2,20.0,2
S0167,02-02-2023,Toyota,Truck,Red,Pune,Vikram,40.0,Cash,"₹2,258,422",0.0,,1,14.0,3
S0168,15-02-2023,BMW,SUV,Grey,Delhi,Kiran,45.0,Lease,"₹2,187,223",15000.0,,1,12.0,4
S0169,31-08-2023,Toyota,Coupe,Red,Pune,Anita,50.0,Lease,1765691,15000.0,,1,18.0,5
S0170,23-07-2024,Kia,Truck,Black,Bangalore,Suresh,30.0,Lease,"₹2,578,784",20000.0,,2,20.0,5
S0171,04-09-2023,Kia,Coupe,Red,Chennai,Suresh,30.0,Loan,"₹1,445,163",10000.0,,2,12.0,3
S0172,05-12-2023,Hyundai,Sedan,Silver,Mumbai,Vikram,45.0,Lease,831645,20000.0,,1,20.0,2
S0173,16-03-2023,Audi,Hatchback,White,Chennai,Anita,50.0,Cash,1289214,15000.0,,1,18.0,5
S0174,06-09-2023,Audi,Hatchback,Silver,Bangalore,Priya,40.0,Loan,"₹1,357,790",10000.0,,1,16.0,2
S0175,25-04-2024,Hyundai,SUV,White,Bangalore,Priya,45.0,Lease,1843155,20000.0,,1,18.0,5
S0176,2023/10/30,Nissan,Coupe,Grey,Pune,Kiran,35.0,Loan,"₹1,139,259",10000.0,,2,20.0,5
S0177,16-04-2024,Nissan,SUV,Red,Pune,Rahul,45.0,Cash,1205623,20000.0,,1,14.0,2
S0178,15-11-2024,Ford,Sedan,Black,Delhi,Suresh,35.0,Cash,703484,15000.0,,1,16.0,5
S0179,06-11-2024,BMW,Coupe,Silver,Hyderabad,Priya,40.0,Lease,"₹2,546,209",15000.0,,2,12.0,5
S0180,03-07-2023,BMW,Hatchback,Silver,Mumbai,Rahul,35.0,Loan,948859,15000.0,,1,14.0,5
S0181,2024/08/01,Honda,Sedan,White,Mumbai,Suresh,40.0,Lease,1520087,10000.0,,1,16.0,5
S0182,27-02-2023,Audi,Coupe,White,Delhi,Rahul,30.0,Cash,539636,0.0,,2,18.0,5
S0183,2023/10/05,Audi,Sedan,Black,Delhi,Anita,40.0,Lease,695295,20000.0,,1,14.0,5
S0184,2023/03/20,Audi,Truck,Grey,Chennai,Meena,50.0,Lease,"₹1,755,258",10000.0,,2,16.0,2
S0185,27-05-2024,Kia,Hatchback,White,Pune,Kiran,40.0,Loan,"₹1,950,639",15000.0,,1,12.0,5
S0186,22-08-2023,Kia,Sedan,Red,Bangalore,Meena,30.0,Lease,"₹1,992,380",15000.0,,2,14.0,2
S0187,26-03-2023,Honda,Sedan,Silver,Mumbai,Kiran,40.0,Loan,"₹1,623,956",10000.0,,2,16.0,2
S0188,16-05-2023,Audi,Coupe,White,Delhi,Priya,40.0,Loan,"₹866,151",15000.0,,2,12.0,5
S0189,13-01-2023,Kia,SUV,Black,Bangalore,Kiran,35.0,Loan,"₹1,724,096",0.0,,1,20.0,3
S0190,06-03-2023,Audi,Hatchback,Black,Pune,Vikram,40.0,Lease,"₹1,201,318",15000.0,,1,18.0,3
S0191,2024/04/13,Kia,Hatchback,Blue,Bangalore,Suresh,40.0,Lease,"₹948,674",0.0,,2,16.0,3
S0192,04-11-2023,Kia,Hatchback,Silver,Pune,Vikram,50.0,Loan,"₹1,844,967",10000.0,,2,16.0,3
S0193,2023/11/30,Hyundai,Coupe,Red,Chennai,Vikram,40.0,Lease,"₹2,077,290",15000.0,,1,12.0,2
S0194,17-04-2024,Ford,Hatchback,Black,Bangalore,Vikram,30.0,Lease,"₹1,379,329",20000.0,,1,18.0,5
S0195,22-01-2024,Kia,Coupe,White,Bangalore,Vikram,40.0,Lease,"₹810,232",15000.0,,2,20.0,2
S0196,22-04-2023,Kia,Hatchback,Blue,Hyderabad,Rahul,25.0,Loan,"₹1,541,156",20000.0,,1,16.0,3
S0197,06-06-2024,Nissan,Coupe,Grey,Delhi,Anita,35.0,Cash,"₹2,675,995",15000.0,,1,18.0,5
S0198,18-04-2023,BMW,Hatchback,Blue,Chennai,Priya,40.0,Loan,"₹1,739,132",0.0,,1,16.0,5
S0199,10-04-2023,Honda,Sedan,Silver,Pune,Rahul,50.0,Cash,2337801,15000.0,,1,12.0,3
S0200,12-06-2024,Kia,SUV,Black,Pune,Vikram,40.0,Loan,"₹1,231,709",20000.0,,2,18.0,2
S0201,20-09-2024,Hyundai,Hatchback,Grey,Hyderabad,Priya,25.0,Lease,"₹1,327,638",15000.0,,2,12.0,3
S0202,2024/01/10,Audi,Coupe,Blue,Delhi,Suresh,45.0,Cash,"₹1,867,279",0.0,,1,16.0,4
S0203,27-12-2023,Honda,SUV,Silver,Hyderabad,Anita,35.0,Lease,"₹2,420,406",20000.0,,1,16.0,3
S0204,07-06-2024,Ford,Coupe,Black,Mumbai,Kiran,30.0,Cash,"₹2,129,333",10000.0,,2,18.0,4
S0205,06-04-2024,Kia,Coupe,Red,Pune,Suresh,40.0,Lease,724861,0.0,,2,14.0,5
S0206,01-03-2024,BMW,SUV,Red,Bangalore,Anita,40.0,Loan,"₹2,361,649",0.0,,1,14.0,5
S0207,2024/07/16,Audi,Coupe,White,Pune,Suresh,45.0,Cash,"₹2,642,475",0.0,,1,20.0,5
S0208,15-04-2023,Honda,Truck,White,Chennai,Anita,40.0,Lease,"₹1,538,222",0.0,,2,16.0,4
S0209,2024/09/16,Audi,Coupe,Silver,Delhi,Priya,30.0,Loan,"₹2,295,862",10000.0,,1,14.0,4
S0210,2023/10/24,Kia,Sedan,Silver,Pune,Anita,50.0,Cash,"₹2,902,227",15000.0,,1,14.0,3
S0211,30-05-2023,BMW,Truck,Blue,Mumbai,Rahul,50.0,Cash,1850971,15000.0,,2,14.0,5
S0212,11-06-2024,Toyota,Sedan,Grey,Mumbai,Vikram,50.0,Lease,"₹1,666,963",20000.0,,2,18.0,4
S0213,06-03-2023,BMW,Hatchback,Red,Delhi,Anita,45.0,Loan,"₹2,741,538",15000.0,,1,18.0,4
S0214,2024/11/29,Ford,Truck,Blue,Hyderabad,Suresh,30.0,Lease,"₹703,043",15000.0,,1,12.0,3
S0215,27-10-2024,Honda,Hatchback,Grey,Pune,Anita,25.0,Loan,"₹1,766,115",20000.0,,1,16.0,4
S0216,28-08-2023,Ford,Coupe,Black,Delhi,Vikram,40.0,Cash,"₹2,300,325",0.0,,1,14.0,2
S0217,18-12-2023,Kia,Sedan,Grey,Hyderabad,Rahul,35.0,Loan,1005806,15000.0,,1,18.0,4
S0218,21-05-2023,Toyota,Coupe,Grey,Chennai,Suresh,35.0,Lease,2105248,10000.0,,1,12.0,3
S0219,05-10-2024,Honda,SUV,White,Delhi,Vikram,40.0,Loan,1134909,15000.0,,2,14.0,5
S0220,19-11-2023,BMW,Sedan,Grey,Bangalore,Anita,45.0,Lease,"₹1,086,490",0.0,,1,20.0,3
S0221,06-02-2024,Nissan,Coupe,White,Delhi,Rahul,35.0,Loan,"₹1,739,593",10000.0,,2,18.0,3
S0222,2024/02/01,Honda,Sedan,Red,Hyderabad,Rahul,35.0,Cash,"₹2,883,960",15000.0,,1,18.0,2
S0223,03-03-2023,Honda,Coupe,Red,Delhi,Anita,35.0,Cash,"₹2,169,228",15000.0,,2,18.0,4
S0224,22-03-2023,Honda,Hatchback,Grey,Mumbai,Vikram,40.0,Cash,2644567,10000.0,,1,18.0,2
S0225,08-09-2023,BMW,SUV,White,Hyderabad,Vikram,30.0,Lease,861602,0.0,,2,20.0,2
S0226,17-06-2023,BMW,Sedan,White,Bangalore,Meena,40.0,Loan,2582106,15000.0,,1,14.0,2
S0227,27-09-2023,Nissan,Coupe,Black,Bangalore,Anita,35.0,Cash,"₹2,918,652",15000.0,,2,20.0,2
S0228,22-08-2023,Kia,SUV,Black,Hyderabad,Priya,40.0,Lease,"₹2,634,166",0.0,,1,12.0,5
S0229,18-08-2023,Honda,Coupe,Grey,Hyderabad,Anita,30.0,Lease,"₹1,849,735",20000.0,,1,12.0,2
S0230,15-02-2024,Nissan,Sedan,Silver,Chennai,Kiran,45.0,Loan,789098,20000.0,,1,16.0,3
S0231,2024/04/20,Hyundai,SUV,White,Mumbai,Rahul,30.0,Lease,"₹2,044,651",15000.0,,1,16.0,4
S0232,13-10-2024,Honda,SUV,Red,Chennai,Suresh,40.0,Cash,540243,0.0,,2,16.0,3
S0233,2023/10/14,Nissan,Sedan,Red,Hyderabad,Priya,30.0,Lease,"₹890,182",10000.0,,2,16.0,5
S0234,18-03-2023,Audi,Truck,Grey,Pune,Kiran,35.0,Loan,"₹2,982,590",15000.0,,1,14.0,4
S0235,28-08-2023,Nissan,Truck,Silver,Mumbai,Rahul,45.0,Loan,813261,10000.0,,1,14.0,3
S0236,2024/04/07,BMW,Coupe,White,Chennai,Meena,40.0,Loan,"₹1,793,136",0.0,,1,14.0,3
S0237,04-04-2023,Ford,Sedan,Blue,Mumbai,Priya,50.0,Lease,1541105,15000.0,,1,16.0,3
S0238,07-04-2023,Hyundai,SUV,Black,Mumbai,Kiran,50.0,Lease,"₹2,437,949",10000.0,,1,12.0,2
S0239,19-08-2024,Nissan,SUV,White,Bangalore,Rahul,25.0,Loan,"₹2,958,360",0.0,,1,12.0,2
S0240,22-06-2023,Kia,SUV,Silver,Chennai,Anita,35.0,Loan,"₹2,907,044",15000.0,,2,12.0,5
S0241,02-06-2023,Kia,Coupe,Blue,Hyderabad,Rahul,35.0,Loan,"₹645,330",15000.0,,1,16.0,3
S0242,2024/03/05,Toyota,Truck,Grey,Bangalore,Suresh,45.0,Loan,"₹1,336,586",15000.0,,1,16.0,4
S0243,02-08-2024,Hyundai,Sedan,Silver,Hyderabad,Meena,40.0,Lease,"₹2,607,190",20000.0,,1,12.0,4
S0244,21-08-2024,Toyota,SUV,Red,Mumbai,Kiran,40.0,Cash,1476275,0.0,,1,16.0,3
S0245,31-08-2023,Ford,Coupe,Black,Mumbai,Priya,35.0,Cash,"₹2,985,206",20000.0,,1,16.0,5
S0246,08-02-2023,Toyota,Hatchback,Red,Chennai,Meena,30.0,Loan,"₹878,566",15000.0,,1,12.0,3
S0247,2023/11/28,Audi,Sedan,Silver,Pune,Vikram,40.0,Lease,"₹749,795",15000.0,,1,12.0,2
S0248,2023/12/11,Audi,SUV,Grey,Delhi,Vikram,45.0,Loan,"₹1,765,694",10000.0,,2,16.0,3
S0249,12-11-2024,Ford,SUV,Grey,Hyderabad,Vikram,45.0,Loan,2970235,15000.0,,1,16.0,2
S0250,06-07-2023,Nissan,SUV,Silver,Pune,Rahul,30.0,Loan,1834698,15000.0,,1,16.0,4
S0251,21-06-2023,Hyundai,Sedan,Silver,Bangalore,Meena,25.0,Lease,872143,20000.0,,2,12.0,2
S0252,19-02-2023,Kia,Hatchback,Red,Mumbai,Rahul,40.0,Loan,"₹2,118,737",15000.0,,1,18.0,3
S0253,16-06-2023,Honda,Sedan,Silver,Chennai,Suresh,30.0,Lease,"₹2,392,836",0.0,,1,12.0,2
S0254,14-07-2024,Ford,Coupe,Blue,Chennai,Rahul,25.0,Loan,"₹890,509",15000.0,,2,16.0,3
S0255,14-07-2023,Hyundai,Sedan,White,Mumbai,Priya,45.0,Loan,"₹2,216,644",15000.0,,1,16.0,3
S0256,25-02-2023,Nissan,SUV,White,Hyderabad,Anita,30.0,Lease,"₹2,013,426",0.0,,1,16.0,4
S0257,25-03-2023,BMW,Sedan,Grey,Delhi,Suresh,30.0,Loan,2486299,20000.0,,2,18.0,5
S0258,14-01-2024,BMW,Coupe,White,Chennai,Meena,50.0,Lease,"₹1,282,585",20000.0,,2,18.0,2
S0259,29-03-2023,Kia,Coupe,Blue,Delhi,Vikram,40.0,Loan,1941965,15000.0,,1,20.0,3
S0260,2024/05/02,Nissan,SUV,Black,Chennai,Meena,30.0,Cash,"₹1,753,476",0.0,,1,12.0,2
S0261,09-03-2024,BMW,Hatchback,Grey,Hyderabad,Rahul,40.0,Lease,828701,15000.0,,1,16.0,5
S0262,19-07-2024,Kia,Sedan,Blue,Chennai,Anita,45.0,Lease,1867874,15000.0,,2,12.0,2
S0263,19-04-2023,Nissan,Coupe,Red,Mumbai,Rahul,30.0,Loan,2860066,20000.0,,1,18.0,5
S0264,28-05-2023,BMW,Hatchback,White,Bangalore,Meena,40.0,Loan,"₹2,184,935",20000.0,,1,12.0,4
S0265,15-10-2023,Nissan,Hatchback,Silver,Pune,Suresh,45.0,Lease,2562000,0.0,,1,14.0,2
S0266,2023/07/12,Toyota,Coupe,Black,Hyderabad,Kiran,50.0,Lease,"₹2,352,693",15000.0,,2,20.0,5
S0267,2023/05/19,Hyundai,Sedan,Black,Hyderabad,Suresh,25.0,Loan,2699015,0.0,,1,14.0,3
S0268,2023/10/08,Toyota,SUV,Silver,Mumbai,Priya,40.0,Cash,2044979,15000.0,,2,16.0,5
S0269,2024/08/23,Honda,Hatchback,White,Mumbai,Rahul,30.0,Lease,"₹2,812,461",10000.0,,1,16.0,3
S0270,15-08-2023,Toyota,Truck,Black,Pune,Anita,45.0,Cash,"₹1,444,188",20000.0,,2,20.0,3
S0271,2023/09/16,Nissan,Hatchback,Black,Mumbai,Kiran,50.0,Lease,1781190,20000.0,,2,18.0,5
S0272,21-08-2024,Nissan,Sedan,Silver,Bangalore,Vikram,35.0,Loan,"₹929,128",20000.0,,1,16.0,4
S0273,2024/11/02,Kia,Hatchback,Grey,Chennai,Vikram,25.0,Lease,"₹1,753,220",15000.0,,1,12.0,5
S0274,30-10-2023,Hyundai,Hatchback,Grey,Pune,Anita,50.0,Lease,1588112,15000.0,,2,16.0,5
S0275,18-11-2024,Ford,Hatchback,Grey,Delhi,Meena,30.0,Lease,"₹2,003,645",10000.0,,1,16.0,4
S0276,01-11-2024,Audi,Hatchback,Silver,Delhi,Kiran,40.0,Cash,"₹874,550",10000.0,,1,18.0,5
S0277,2023/02/24,Honda,Truck,Red,Bangalore,Suresh,25.0,Cash,"₹2,947,689",15000.0,,1,18.0,3
S0278,25-07-2023,Ford,Sedan,Blue,Bangalore,Vikram,30.0,Loan,"₹1,937,261",15000.0,,2,14.0,2
S0279,05-01-2023,Honda,SUV,Red,Mumbai,Vikram,40.0,Loan,"₹2,396,048",10000.0,,1,18.0,5
S0280,03-05-2024,Toyota,Hatchback,Red,Chennai,Rahul,50.0,Cash,"₹2,107,745",15000.0,,1,16.0,3
S0281,20-08-2023,Ford,Sedan,White,Bangalore,Kiran,40.0,Lease,"₹1,944,307",0.0,,2,20.0,4
S0282,20-03-2024,Kia,Sedan,Black,Chennai,Vikram,30.0,Cash,"₹1,061,153",15000.0,,1,14.0,2
S0283,2024/08/26,BMW,Coupe,Red,Hyderabad,Priya,25.0,Lease,"₹2,616,586",20000.0,,1,18.0,2
S0284,31-10-2024,BMW,Truck,Grey,Chennai,Anita,50.0,Lease,"₹582,802",0.0,,2,18.0,2
S0285,05-11-2023,Ford,Truck,White,Delhi,Vikram,45.0,Cash,"₹2,265,262",15000.0,,1,20.0,4
S0286,2023/04/27,Hyundai,Hatchback,Grey,Mumbai,Kiran,30.0,Cash,"₹945,702",15000.0,,1,16.0,5
S0287,01-08-2023,Honda,Coupe,Grey,Mumbai,Anita,25.0,Lease,"₹2,516,050",0.0,,1,16.0,2
S0288,14-04-2023,Honda,SUV,White,Bangalore,Kiran,40.0,Lease,"₹1,573,289",15000.0,,1,16.0,4
S0289,12-03-2024,Ford,Hatchback,Silver,Mumbai,Priya,35.0,Lease,"₹986,124",0.0,,1,14.0,2
S0290,17-01-2024,Kia,Truck,Blue,Pune,Meena,30.0,Cash,"₹1,937,483",15000.0,,2,18.0,3
S0291,02-03-2023,Ford,Coupe,Blue,Bangalore,Priya,25.0,Lease,"₹1,168,552",15000.0,,2,20.0,3
S0292,09-05-2024,Audi,Sedan,Grey,Pune,Priya,40.0,Lease,"₹2,547,335",15000.0,,2,12.0,3
S0293,16-11-2024,Hyundai,Truck,Silver,Pune,Vikram,50.0,Loan,"₹1,918,935",15000.0,,1,18.0,3
S0294,2024/07/25,Honda,Truck,Silver,Chennai,Kiran,35.0,Cash,"₹728,866",10000.0,,2,18.0,3
S0295,17-07-2024,Nissan,Sedan,Blue,Mumbai,Kiran,25.0,Loan,"₹2,088,121",10000.0,,1,18.0,2
S0296,16-04-2023,BMW,Coupe,Red,Chennai,Vikram,50.0,Loan,"₹2,192,148",15000.0,,1,12.0,4
S0297,08-01-2024,Nissan,Hatchback,Grey,Mumbai,Rahul,25.0,Lease,727646,15000.0,,1,20.0,3
S0298,03-01-2023,Ford,Truck,Black,Pune,Vikram,50.0,Loan,"₹1,931,755",20000.0,,1,16.0,2
S0299,2023/09/18,Hyundai,Hatchback,White,Mumbai,Rahul,50.0,Lease,"₹1,321,754",15000.0,,1,18.0,2
S0300,06-04-2024,Toyota,Coupe,Blue,Delhi,Suresh,45.0,Cash,"₹2,418,423",15000.0,,1,18.0,3
S0301,2023/05/12,Kia,Coupe,Grey,Chennai,Kiran,40.0,Loan,"₹934,336",15000.0,,1,20.0,4
S0302,08-04-2024,Audi,Coupe,Grey,Chennai,Anita,30.0,Lease,"₹1,059,402",15000.0,,1,16.0,4
S0303,20-12-2023,Audi,Coupe,Blue,Delhi,Priya,50.0,Lease,1056465,10000.0,,1,16.0,5
S0304,21-11-2024,Kia,SUV,White,Pune,Rahul,30.0,Loan,"₹2,739,350",15000.0,,1,20.0,3
S0305,21-10-2023,Toyota,Hatchback,Blue,Hyderabad,Priya,40.0,Lease,"₹1,550,929",0.0,,1,14.0,3
S0306,24-10-2024,Kia,Truck,Blue,Pune,Kiran,45.0,Cash,"₹2,854,139",15000.0,,1,16.0,2
S0307,15-09-2023,Audi,Coupe,Red,Pune,Priya,30.0,Lease,"₹1,351,809",15000.0,,1,16.0,3
S0308,29-10-2023,Honda,Truck,White,Mumbai,Kiran,45.0,Loan,"₹2,382,466",0.0,,1,14.0,3
S0309,14-06-2023,Ford,Sedan,Black,Bangalore,Priya,25.0,Lease,2949415,0.0,,1,18.0,4
S0310,17-05-2024,Ford,Coupe,White,Delhi,Anita,40.0,Lease,"₹2,901,981",0.0,,1,20.0,5
S0311,05-04-2023,Hyundai,Coupe,Red,Mumbai,Priya,40.0,Lease,"₹1,965,502",10000.0,,1,16.0,2
S0312,28-04-2023,Audi,Truck,White,Mumbai,Kiran,45.0,Lease,"₹1,951,259",15000.0,,1,12.0,4
S0313,26-01-2023,Hyundai,Hatchback,Red,Hyderabad,Rahul,30.0,Lease,2667900,20000.0,,2,18.0,2
S0314,03-10-2024,Kia,Sedan,Grey,Pune,Anita,25.0,Loan,"₹774,608",10000.0,,2,12.0,4
S0315,08-02-2023,Hyundai,Hatchback,Blue,Mumbai,Suresh,50.0,Loan,"₹867,089",10000.0,,1,20.0,5
S0316,20-11-2023,Honda,Coupe,White,Pune,Meena,25.0,Loan,"₹570,845",0.0,,1,16.0,2
S0317,24-10-2023,Toyota,Truck,Black,Delhi,Anita,30.0,Lease,"₹1,763,956",20000.0,,2,18.0,5
S0318,2024/07/12,Audi,Sedan,Red,Delhi,Anita,25.0,Cash,1737229,10000.0,,1,16.0,2
S0319,09-08-2024,Audi,SUV,Blue,Pune,Meena,45.0,Cash,"₹2,152,898",0.0,,1,14.0,3
S0320,08-07-2023,Toyota,Coupe,Blue,Pune,Priya,25.0,Loan,"₹1,426,051",20000.0,,1,12.0,2
S0321,14-09-2023,Hyundai,Sedan,Silver,Delhi,Rahul,30.0,Loan,"₹911,890",15000.0,,2,16.0,5
S0322,06-04-2024,Audi,Truck,Black,Hyderabad,Kiran,30.0,Cash,"₹1,877,183",20000.0,,1,20.0,5
S0323,11-10-2023,BMW,Truck,Red,Hyderabad,Anita,50.0,Lease,"₹2,007,793",20000.0,,2,18.0,2
S0324,2023/10/15,Honda,Sedan,White,Delhi,Vikram,25.0,Lease,1087209,10000.0,,1,16.0,5
S0325,2024/08/27,Nissan,SUV,Silver,Mumbai,Anita,40.0,Lease,1392382,15000.0,,1,20.0,4
S0326,18-05-2023,Hyundai,Coupe,Grey,Chennai,Meena,45.0,Cash,"₹2,449,097",0.0,,2,16.0,5
S0327,13-06-2023,Audi,Sedan,Black,Mumbai,Anita,25.0,Loan,"₹1,251,389",15000.0,,1,16.0,4
S0328,28-08-2023,Nissan,Sedan,White,Pune,Kiran,25.0,Lease,"₹679,551",15000.0,,1,18.0,4
S0329,27-09-2023,Honda,Coupe,Silver,Mumbai,Anita,45.0,Loan,"₹2,926,956",10000.0,,2,16.0,4
S0330,2023/12/20,Nissan,SUV,Black,Hyderabad,Priya,50.0,Loan,2542045,15000.0,,1,20.0,3
S0331,03-06-2023,Audi,Sedan,Blue,Pune,Suresh,40.0,Cash,"₹1,283,939",15000.0,,1,16.0,3
S0332,24-10-2024,Ford,Coupe,White,Delhi,Anita,25.0,Cash,"₹2,223,436",0.0,,1,20.0,4
S0333,04-07-2023,BMW,Sedan,Black,Mumbai,Priya,40.0,Loan,2666948,15000.0,,1,16.0,3
S0334,13-08-2023,BMW,SUV,Grey,Pune,Kiran,40.0,Lease,"₹2,222,881",15000.0,,1,20.0,2
S0335,24-08-2023,Kia,SUV,Red,Hyderabad,Anita,40.0,Lease,"₹2,086,333",0.0,,1,14.0,2
S0336,28-06-2024,Toyota,Truck,Red,Mumbai,Kiran,40.0,Cash,2611115,0.0,,2,16.0,5
S0337,2023/08/23,Honda,Truck,Black,Bangalore,Suresh,40.0,Cash,2522172,15000.0,,1,20.0,2
S0338,18-10-2023,Toyota,Coupe,Red,Hyderabad,Priya,25.0,Loan,"₹2,780,573",10000.0,,1,16.0,3
S0339,20-11-2023,BMW,Coupe,Blue,Delhi,Kiran,45.0,Loan,"₹2,214,820",10000.0,,2,16.0,5
S0340,28-07-2023,Nissan,Hatchback,Silver,Delhi,Kiran,40.0,Lease,"₹2,233,204",15000.0,,2,14.0,5
S0341,22-05-2023,Kia,Hatchback,Red,Delhi,Vikram,50.0,Lease,999481,15000.0,,1,12.0,2
S0342,14-06-2023,Kia,Sedan,White,Bangalore,Anita,35.0,Cash,2132019,0.0,,1,14.0,2
S0343,2024/01/29,Toyota,SUV,Grey,Mumbai,Suresh,25.0,Cash,"₹2,180,426",15000.0,,1,16.0,4
S0344,19-07-2023,Toyota,Hatchback,Black,Pune,Rahul,30.0,Cash,640967,15000.0,,1,20.0,4
S0345,14-02-2024,Honda,Sedan,Red,Bangalore,Vikram,40.0,Lease,"₹1,981,124",15000.0,,1,20.0,4
S0346,22-12-2023,BMW,SUV,Blue,Delhi,Rahul,45.0,Cash,"₹1,659,757",10000.0,,2,18.0,4
S0347,15-12-2023,Kia,Coupe,Blue,Chennai,Meena,35.0,Loan,990771,20000.0,,1,16.0,5
S0348,23-08-2024,Hyundai,SUV,Silver,Mumbai,Kiran,45.0,Lease,"₹614,717",20000.0,,1,18.0,2
S0349,27-09-2023,Ford,Truck,Silver,Bangalore,Anita,45.0,Loan,"₹1,541,267",15000.0,,1,12.0,3
S0350,30-11-2024,BMW,SUV,Black,Chennai,Meena,30.0,Lease,"₹1,297,620",10000.0,,1,16.0,4
S0351,09-06-2023,Toyota,Truck,Silver,Delhi,Kiran,40.0,Lease,"₹947,487",0.0,,2,20.0,4
S0352,17-05-2024,Ford,Sedan,Red,Mumbai,Suresh,45.0,Cash,1267020,15000.0,,1,18.0,4
S0353,08-02-2024,Toyota,SUV,Blue,Delhi,Rahul,35.0,Loan,"₹1,233,165",0.0,,2,16.0,4
S0354,11-07-2023,Ford,Truck,Blue,Chennai,Suresh,50.0,Loan,"₹2,800,841",20000.0,,2,20.0,4
S0355,15-02-2024,Honda,Hatchback,Black,Delhi,Suresh,40.0,Loan,"₹1,672,851",15000.0,,1,20.0,3
S0356,30-05-2023,Audi,Truck,Silver,Bangalore,Priya,40.0,Lease,"₹1,127,250",0.0,,1,18.0,2
S0357,12-02-2024,Honda,Truck,Grey,Bangalore,Kiran,35.0,Loan,"₹915,130",0.0,,1,16.0,4
S0358,19-12-2023,Ford,Hatchback,Silver,Bangalore,Vikram,45.0,Loan,"₹583,195",20000.0,,1,20.0,5
S0359,22-03-2023,Audi,Truck,Grey,Delhi,Priya,40.0,Cash,"₹2,098,327",15000.0,,1,14.0,2
S0360,15-06-2023,Kia,Hatchback,Blue,Bangalore,Vikram,45.0,Lease,"₹1,941,269",20000.0,,1,16.0,5
S0361,28-02-2024,BMW,Sedan,Black,Chennai,Suresh,25.0,Cash,"₹1,201,783",0.0,,1,16.0,2
S0362,29-04-2024,Ford,Sedan,Grey,Mumbai,Kiran,30.0,Cash,"₹2,800,297",15000.0,,1,12.0,4
S0363,29-03-2024,Audi,Truck,Blue,Delhi,Kiran,45.0,Loan,"₹1,030,209",10000.0,,1,12.0,3
S0364,06-07-2024,BMW,Hatchback,Blue,Delhi,Anita,40.0,Cash,"₹1,242,545",15000.0,,2,20.0,5
S0365,12-11-2023,Ford,Hatchback,Silver,Mumbai,Priya,25.0,Lease,"₹2,034,206",10000.0,,1,12.0,5
S0366,03-05-2024,Toyota,Coupe,Silver,Chennai,Suresh,45.0,Loan,"₹1,756,657",15000.0,,1,20.0,5
S0367,13-09-2023,Kia,SUV,Red,Delhi,Meena,50.0,Lease,1184801,15000.0,,2,14.0,4
S0368,19-10-2023,BMW,Sedan,Grey,Mumbai,Priya,40.0,Loan,2731135,15000.0,,1,12.0,5
S0369,2023/07/12,BMW,Hatchback,Black,Pune,Suresh,50.0,Cash,"₹1,844,877",0.0,,1,14.0,3
S0370,03-04-2023,Nissan,Hatchback,Blue,Pune,Meena,25.0,Loan,"₹1,132,013",10000.0,,1,18.0,2
S0371,30-05-2023,Hyundai,Hatchback,Blue,Hyderabad,Rahul,40.0,Lease,"₹735,041",15000.0,,1,20.0,3
S0372,30-01-2024,Honda,Coupe,Grey,Chennai,Suresh,40.0,Lease,"₹2,357,912",0.0,,1,18.0,4
S0373,27-11-2023,BMW,SUV,Silver,Hyderabad,Meena,50.0,Cash,"₹1,165,264",0.0,,1,16.0,2
S0374,30-08-2023,Hyundai,Sedan,White,Delhi,Meena,50.0,Loan,"₹2,321,005",10000.0,,1,20.0,3
S0375,16-01-2024,Toyota,Sedan,Silver,Pune,Anita,50.0,Lease,"₹875,305",15000.0,,1,16.0,2
S0376,09-05-2023,Toyota,Truck,Silver,Pune,Anita,35.0,Cash,"₹2,546,161",15000.0,,1,18.0,5
S0377,24-03-2024,Audi,Hatchback,Grey,Mumbai,Kiran,40.0,Lease,"₹2,844,719",15000.0,,1,20.0,3
S0378,12-03-2023,Toyota,Coupe,Blue,Pune,Anita,25.0,Lease,"₹2,727,751",20000.0,,1,20.0,4
S0379,27-09-2024,Nissan,Coupe,Black,Delhi,Kiran,35.0,Loan,"₹1,501,543",0.0,,2,14.0,4
S0380,24-04-2023,Toyota,SUV,White,Mumbai,Anita,25.0,Cash,"₹903,728",0.0,,1,14.0,5
S0381,04-11-2024,Honda,Sedan,Black,Pune,Suresh,40.0,Cash,"₹2,554,829",15000.0,,1,12.0,5
S0382,16-10-2024,BMW,Coupe,White,Pune,Rahul,40.0,Loan,"₹754,595",15000.0,,1,16.0,2
S0383,10-08-2023,Hyundai,Coupe,Grey,Chennai,Priya,50.0,Lease,"₹2,678,879",10000.0,,2,14.0,5
S0384,19-04-2023,Ford,Coupe,Blue,Delhi,Kiran,50.0,Cash,"₹2,918,283",15000.0,,2,12.0,5
S0385,27-12-2023,Kia,Hatchback,Red,Chennai,Priya,45.0,Cash,"₹1,821,855",20000.0,,1,18.0,5
S0386,17-07-2024,Toyota,Hatchback,Red,Hyderabad,Priya,30.0,Loan,"₹1,565,727",15000.0,,2,18.0,2
S0387,2023/11/04,Ford,Sedan,White,Mumbai,Kiran,30.0,Cash,"₹1,430,660",20000.0,,1,16.0,4
S0388,11-01-2024,Hyundai,Sedan,Grey,Bangalore,Meena,40.0,Cash,"₹2,941,738",20000.0,,1,12.0,5
S0389,2024/08/13,Kia,Sedan,White,Bangalore,Kiran,40.0,Loan,"₹899,985",20000.0,,1,16.0,5
S0390,04-05-2023,Kia,Sedan,Silver,Delhi,Rahul,35.0,Lease,1450922,15000.0,,1,16.0,3
S0391,01-12-2023,Kia,Truck,Red,Delhi,Priya,25.0,Cash,"₹2,607,225",10000.0,,1,16.0,5
S0392,24-10-2023,Toyota,Coupe,Blue,Bangalore,Rahul,40.0,Lease,"₹2,153,908",20000.0,,1,18.0,5
S0393,14-05-2023,Hyundai,Coupe,Red,Pune,Priya,30.0,Cash,"₹1,065,688",10000.0,,2,18.0,2
S0394,30-09-2023,Kia,Hatchback,Silver,Chennai,Kiran,35.0,Lease,"₹2,303,826",15000.0,,1,12.0,2
S0395,09-11-2023,Toyota,SUV,Black,Pune,Kiran,30.0,Lease,1209908,15000.0,,2,20.0,2
S0396,26-04-2023,Honda,Hatchback,Blue,Mumbai,Rahul,35.0,Cash,"₹728,749",15000.0,,1,16.0,3
S0397,28-07-2023,Ford,Sedan,Blue,Delhi,Vikram,45.0,Cash,"₹2,791,869",20000.0,,2,20.0,4
S0398,24-06-2023,Toyota,Sedan,Blue,Pune,Kiran,50.0,Lease,"₹752,119",15000.0,,1,12.0,4
S0399,21-04-2023,Honda,Hatchback,Blue,Delhi,Priya,25.0,Cash,"₹580,020",15000.0,,1,18.0,3
S0400,2024/05/27,BMW,Hatchback,Blue,Mumbai,Vikram,30.0,Cash,"₹2,420,933",0.0,,1,14.0,4
S0401,01-12-2024,Toyota,Hatchback,Blue,Hyderabad,Priya,35.0,Cash,"₹1,976,030",20000.0,,1,20.0,3
S0402,2023/12/16,Hyundai,Truck,Black,Delhi,Anita,40.0,Loan,"₹2,147,718",0.0,,2,20.0,4
S0403,04-04-2024,Ford,Truck,Black,Pune,Priya,30.0,Loan,"₹2,774,293",10000.0,,1,14.0,2
S0404,2024/07/24,Ford,Sedan,Silver,Mumbai,Suresh,35.0,Loan,2735402,0.0,,1,16.0,4
S0405,05-06-2023,Hyundai,Coupe,Black,Chennai,Vikram,25.0,Loan,"₹1,288,250",10000.0,,1,20.0,2
S0406,03-05-2024,Ford,Truck,Blue,Mumbai,Anita,30.0,Cash,"₹1,062,400",15000.0,,2,16.0,3
S0407,03-02-2023,Hyundai,SUV,White,Chennai,Suresh,40.0,Lease,2213747,0.0,,1,18.0,5
S0408,29-11-2023,Kia,Hatchback,Blue,Delhi,Vikram,45.0,Lease,2419082,15000.0,,2,12.0,2
S0409,17-06-2024,Toyota,Coupe,Blue,Delhi,Meena,50.0,Cash,"₹958,505",0.0,,1,20.0,3
S0410,26-10-2023,BMW,Coupe,White,Pune,Priya,30.0,Loan,"₹2,343,622",20000.0,,1,18.0,5
S0411,03-04-2023,Nissan,Sedan,Black,Mumbai,Priya,50.0,Cash,"₹2,599,910",15000.0,,1,18.0,5
S0412,03-04-2023,Nissan,Hatchback,White,Delhi,Vikram,40.0,Lease,"₹1,548,921",10000.0,,1,12.0,3
S0413,2024/01/23,Ford,SUV,Black,Chennai,Meena,50.0,Cash,"₹2,808,317",10000.0,,1,20.0,5
S0414,12-11-2023,Ford,SUV,White,Delhi,Meena,35.0,Cash,1798213,15000.0,,1,16.0,5
S0415,24-05-2024,Nissan,Truck,Blue,Mumbai,Rahul,45.0,Lease,"₹2,591,457",0.0,,2,14.0,2
S0416,08-09-2023,Toyota,Hatchback,White,Chennai,Meena,25.0,Lease,"₹2,795,717",15000.0,,1,12.0,4
S0417,06-12-2023,Ford,Truck,Grey,Delhi,Kiran,25.0,Cash,"₹867,851",15000.0,,1,14.0,4
S0418,27-11-2023,Nissan,SUV,White,Pune,Meena,35.0,Loan,2045892,0.0,,2,20.0,5
S0419,21-06-2024,Honda,Truck,Grey,Pune,Priya,40.0,Lease,"₹1,380,155",15000.0,,1,12.0,4
S0420,13-03-2024,Nissan,Coupe,Grey,Pune,Suresh,40.0,Cash,"₹1,827,449",15000.0,,1,14.0,3
S0421,25-10-2023,Hyundai,Coupe,Blue,Mumbai,Rahul,35.0,Loan,"₹1,311,830",0.0,,2,16.0,3
S0422,12-01-2023,Audi,Sedan,White,Pune,Kiran,35.0,Loan,"₹1,343,840",20000.0,,1,16.0,2
S0423,29-06-2023,Ford,Truck,Black,Pune,Suresh,40.0,Lease,"₹1,313,760",20000.0,,2,18.0,4
S0424,18-04-2024,Audi,Coupe,Red,Hyderabad,Anita,45.0,Lease,2236244,0.0,,1,20.0,4
S0425,2023/12/29,Ford,Coupe,Red,Mumbai,Anita,45.0,Cash,777717,20000.0,,1,16.0,4
S0426,19-11-2023,BMW,SUV,Red,Bangalore,Anita,25.0,Loan,"₹632,658",0.0,,2,14.0,2
S0427,26-07-2023,Audi,Truck,Grey,Delhi,Kiran,40.0,Loan,"₹888,409",0.0,,2,20.0,3
S0428,11-04-2023,Kia,Coupe,White,Hyderabad,Kiran,25.0,Lease,"₹2,664,875",10000.0,,1,16.0,2
S0429,08-12-2023,BMW,SUV,Silver,Chennai,Anita,35.0,Loan,2458219,0.0,,1,12.0,4
S0430,27-03-2024,Honda,SUV,Red,Bangalore,Priya,35.0,Loan,"₹993,463",10000.0,,1,12.0,3
S0431,2023/10/18,Nissan,Sedan,Black,Hyderabad,Suresh,50.0,Cash,"₹2,907,878",0.0,,1,20.0,2
S0432,28-01-2024,Nissan,Coupe,Silver,Bangalore,Kiran,40.0,Cash,"₹725,653",15000.0,,1,16.0,2
S0433,21-04-2024,Nissan,Truck,Black,Chennai,Anita,40.0,Lease,"₹2,881,480",15000.0,,1,18.0,4
S0434,08-01-2024,Honda,Truck,White,Bangalore,Suresh,40.0,Cash,"₹2,144,489",20000.0,,1,18.0,4
S0435,23-12-2023,Audi,Coupe,Grey,Hyderabad,Meena,35.0,Lease,"₹2,910,375",0.0,,2,16.0,5
S0436,15-02-2024,Nissan,Truck,White,Bangalore,Anita,40.0,Lease,"₹2,976,887",15000.0,,1,20.0,5
S0437,21-03-2024,Honda,Coupe,Blue,Hyderabad,Priya,45.0,Loan,2879056,15000.0,,1,14.0,4
S0438,22-07-2024,Honda,Coupe,Blue,Bangalore,Suresh,50.0,Lease,909590,10000.0,,1,18.0,2
S0439,03-04-2023,Nissan,Coupe,Silver,Mumbai,Priya,45.0,Loan,1412729,15000.0,,1,14.0,3
S0440,2023/07/30,Audi,Sedan,Red,Hyderabad,Priya,45.0,Loan,"₹1,827,907",20000.0,,2,16.0,3
S0441,29-10-2023,Audi,Sedan,Silver,Hyderabad,Anita,40.0,Lease,"₹761,768",15000.0,,1,12.0,5
S0442,02-10-2024,Ford,Truck,Black,Chennai,Priya,40.0,Loan,1834322,15000.0,,2,18.0,5
S0443,07-06-2023,Toyota,SUV,Grey,Mumbai,Vikram,40.0,Cash,1709934,10000.0,,1,12.0,2
S0444,21-05-2023,Kia,Coupe,Blue,Mumbai,Kiran,30.0,Cash,2244224,15000.0,,2,20.0,5
S0445,2024/09/11,Audi,Sedan,White,Delhi,Suresh,50.0,Loan,"₹531,163",10000.0,,1,18.0,2
S0446,17-08-2024,BMW,Truck,Red,Hyderabad,Priya,45.0,Cash,2519695,0.0,,1,16.0,3
S0447,28-04-2024,Audi,Coupe,White,Mumbai,Suresh,45.0,Loan,"₹827,499",15000.0,,1,20.0,4
S0448,07-03-2024,BMW,Coupe,Silver,Hyderabad,Vikram,40.0,Lease,1980230,20000.0,,1,14.0,3
S0449,09-08-2024,Ford,Coupe,White,Bangalore,Kiran,30.0,Lease,"₹716,509",20000.0,,1,16.0,4
S0450,09-10-2023,Nissan,Hatchback,Black,Bangalore,Meena,50.0,Cash,"₹1,577,750",0.0,,1,20.0,5
S0451,05-07-2023,Ford,Truck,Blue,Mumbai,Anita,50.0,Loan,2712029,20000.0,,1,14.0,3
S0452,04-08-2023,Honda,Sedan,Black,Mumbai,Suresh,40.0,Loan,2923290,20000.0,,1,16.0,5
S0453,29-06-2024,Kia,Sedan,Silver,Mumbai,Suresh,50.0,Loan,"₹1,480,046",15000.0,,2,16.0,2
S0454,10-04-2023,Honda,Hatchback,Grey,Delhi,Suresh,40.0,Lease,"₹2,728,405",15000.0,,1,16.0,3
S0455,19-11-2024,Ford,Hatchback,Red,Hyderabad,Vikram,25.0,Cash,2969288,15000.0,,1,16.0,2
S0456,26-02-2024,BMW,SUV,White,Hyderabad,Priya,25.0,Cash,"₹909,778",15000.0,,1,14.0,3
S0457,05-09-2024,Ford,Sedan,Grey,Chennai,Kiran,35.0,Loan,1010824,0.0,,1,20.0,2
S0458,2024/10/16,Audi,Hatchback,Black,Hyderabad,Kiran,40.0,Cash,2401880,20000.0,,2,16.0,5
S0459,02-02-2024,Nissan,SUV,Red,Mumbai,Anita,50.0,Loan,1895255,20000.0,,1,14.0,2
S0460,28-05-2023,Honda,Sedan,White,Hyderabad,Priya,50.0,Loan,2767575,10000.0,,1,18.0,5
S0461,20-01-2023,Ford,Hatchback,Blue,Delhi,Rahul,45.0,Lease,"₹2,587,510",0.0,,1,16.0,5
S0462,04-05-2024,Nissan,Sedan,Red,Delhi,Kiran,35.0,Lease,"₹2,328,958",0.0,,1,12.0,4
S0463,2024/02/15,Audi,Sedan,Blue,Bangalore,Vikram,30.0,Cash,"₹731,503",0.0,,1,20.0,2
S0464,29-01-2024,Nissan,Sedan,Grey,Mumbai,Vikram,30.0,Cash,"₹1,301,125",15000.0,,1,16.0,2
S0465,17-07-2023,BMW,Truck,Red,Mumbai,Rahul,25.0,Loan,606386,15000.0,,1,18.0,2
S0466,2023/12/12,Ford,Coupe,Black,Hyderabad,Rahul,50.0,Cash,"₹679,577",10000.0,,2,16.0,5
S0467,31-10-2024,Ford,Sedan,Black,Pune,Rahul,35.0,Cash,"₹579,956",15000.0,,1,14.0,5
S0468,17-09-2024,Hyundai,Sedan,Black,Mumbai,Kiran,40.0,Lease,1215923,0.0,,1,12.0,5
S0469,2023/11/29,Hyundai,Sedan,Red,Chennai,Kiran,25.0,Cash,1006682,15000.0,,1,16.0,4
S0470,25-05-2023,Toyota,SUV,White,Pune,Priya,40.0,Cash,"₹2,241,283",20000.0,,1,18.0,2
S0471,13-05-2024,BMW,Truck,Grey,Mumbai,Vikram,30.0,Cash,"₹838,575",10000.0,,1,16.0,3
S0472,17-10-2024,Toyota,Coupe,Black,Pune,Suresh,45.0,Cash,"₹1,636,445",15000.0,,1,14.0,4
S0473,2023/12/23,Honda,Coupe,Silver,Delhi,Priya,30.0,Loan,"₹2,256,515",10000.0,,1,12.0,3
S0474,11-10-2023,Toyota,Sedan,Grey,Bangalore,Kiran,30.0,Loan,"₹722,587",10000.0,,2,18.0,4
S0475,09-12-2023,Nissan,Coupe,White,Hyderabad,Anita,50.0,Loan,"₹2,400,638",0.0,,1,14.0,4
S0476,05-03-2024,Honda,SUV,Grey,Mumbai,Meena,30.0,Loan,1333623,20000.0,,1,12.0,3
S0477,17-03-2023,Nissan,SUV,Blue,Bangalore,Anita,40.0,Lease,"₹2,475,476",0.0,,2,14.0,3
S0478,09-10-2024,Toyota,Hatchback,Black,Hyderabad,Meena,40.0,Loan,2004036,10000.0,,1,14.0,5
S0479,2023/06/25,Ford,Coupe,Red,Chennai,Rahul,40.0,Lease,"₹1,941,062",20000.0,,1,16.0,5
S0480,10-08-2023,Hyundai,SUV,Silver,Mumbai,Priya,30.0,Lease,"₹2,981,270",15000.0,,1,12.0,3
S0481,10-08-2024,Toyota,Truck,Red,Mumbai,Suresh,40.0,Lease,"₹521,296",0.0,,1,18.0,2
S0482,08-04-2024,Hyundai,SUV,Silver,Bangalore,Anita,50.0,Cash,"₹2,577,376",15000.0,,1,16.0,2
S0483,06-05-2024,Ford,Truck,Black,Bangalore,Vikram,40.0,Lease,"₹1,778,577",15000.0,,1,18.0,2
S0484,04-10-2024,BMW,Coupe,Red,Delhi,Meena,30.0,Lease,"₹796,531",20000.0,,1,16.0,2
S0485,27-09-2024,Audi,Truck,Red,Hyderabad,Kiran,35.0,Cash,1908005,0.0,,1,12.0,2
S0486,28-07-2024,Nissan,Coupe,Grey,Chennai,Meena,50.0,Cash,"₹1,358,626",20000.0,,1,20.0,4
S0487,28-12-2023,Audi,Truck,Blue,Delhi,Priya,40.0,Cash,"₹1,621,380",15000.0,,1,12.0,5
S0488,2024/06/28,Honda,SUV,Blue,Hyderabad,Rahul,40.0,Cash,2734957,15000.0,,1,16.0,4
S0489,20-03-2023,Hyundai,Coupe,Grey,Hyderabad,Kiran,40.0,Lease,"₹958,709",0.0,,1,18.0,3
S0490,30-04-2024,Hyundai,Coupe,Grey,Bangalore,Suresh,45.0,Loan,"₹1,954,166",0.0,,1,14.0,4
S0491,12-05-2024,Ford,Hatchback,Black,Bangalore,Anita,40.0,Loan,"₹2,988,720",15000.0,,2,18.0,4
S0492,2023/02/18,BMW,SUV,Black,Pune,Vikram,50.0,Cash,"₹1,122,176",15000.0,,1,20.0,3
S0493,01-09-2023,Ford,SUV,Red,Pune,Rahul,50.0,Loan,"₹990,386",20000.0,,1,18.0,4
S0494,2023/06/01,Kia,Truck,Black,Mumbai,Kiran,30.0,Cash,"₹2,064,118",10000.0,,1,12.0,4
S0495,24-10-2024,Nissan,Hatchback,Grey,Hyderabad,Vikram,40.0,Cash,"₹1,739,655",20000.0,,1,20.0,3
S0496,2024/11/25,Nissan,Hatchback,White,Bangalore,Rahul,45.0,Lease,"₹2,810,893",0.0,,2,20.0,3
S0497,20-08-2024,Nissan,Sedan,Red,Mumbai,Anita,40.0,Loan,"₹2,708,023",20000.0,,1,12.0,2
S0498,13-11-2024,BMW,Hatchback,Silver,Bangalore,Suresh,40.0,Lease,"₹2,014,415",15000.0,,1,18.0,2
S0499,09-08-2023,Kia,Truck,Black,Delhi,Priya,25.0,Cash,2363195,15000.0,,2,16.0,3
S0500,2023/11/07,Kia,Sedan,White,Mumbai,Vikram,35.0,Loan,2490671,15000.0,,1,12.0,3
